<?xml version="1.0" encoding="UTF-8"?>
<project-private xmlns="http://www.netbeans.org/ns/project-private/1">
    <editor-bookmarks xmlns="http://www.netbeans.org/ns/editor-bookmarks/2" lastBookmarkId="0"/>
    <open-files xmlns="http://www.netbeans.org/ns/projectui-open-files/2">
        <group>
            <file>file:/C:/Users/gaeta/OneDrive/Documents/_VUB/tweede%20semester/T.%20informatie%20en%20communicatiemiddelen%203/test1/PingPong_Student-master/mcc_generated_files/tmr0.c</file>
            <file>file:/C:/Users/gaeta/OneDrive/Documents/_VUB/tweede%20semester/T.%20informatie%20en%20communicatiemiddelen%203/test1/PingPong_Student-master/UART.c</file>
            <file>file:/C:/Users/gaeta/OneDrive/Documents/_VUB/tweede%20semester/T.%20informatie%20en%20communicatiemiddelen%203/test1/PingPong_Student-master/adcMultiplexer.c</file>
            <file>file:/C:/Users/gaeta/OneDrive/Documents/_VUB/tweede%20semester/T.%20informatie%20en%20communicatiemiddelen%203/test1/PingPong_Student-master/PI.c</file>
        </group>
    </open-files>
</project-private>
